index,label,original,current
2,wee,C:\Users\jaysh\TapoVideos\Computer Camera\2026-02-22\2026-02-22 00-31-33.mp4,C:\Users\jaysh\ToiletTraining\wee\2026-02-22 00-31-33__2.mp4
3,neither,C:\Users\jaysh\TapoVideos\Computer Camera\2026-02-22\2026-02-22 00-35-09.mp4,C:\Users\jaysh\ToiletTraining\neither\2026-02-22 00-35-09__2.mp4
5,neither,C:\Users\jaysh\TapoVideos\Computer Camera\2026-02-22\2026-02-22 00-37-07.mp4,C:\Users\jaysh\ToiletTraining\neither\2026-02-22 00-37-07.mp4
6,neither,C:\Users\jaysh\TapoVideos\Computer Camera\2026-02-22\2026-02-22 00-38-05.mp4,C:\Users\jaysh\ToiletTraining\neither\2026-02-22 00-38-05.mp4
11,neither,C:\Users\jaysh\TapoVideos\Computer Camera\2026-02-22\2026-02-22 00-47-40.mp4,C:\Users\jaysh\ToiletTraining\neither\2026-02-22 00-47-40.mp4
14,neither,C:\Users\jaysh\TapoVideos\Computer Camera\2026-02-22\2026-02-22 00-50-35.mp4,C:\Users\jaysh\ToiletTraining\neither\2026-02-22 00-50-35__2.mp4
15,neither,C:\Users\jaysh\TapoVideos\Computer Camera\2026-02-22\2026-02-22 00-51-48.mp4,C:\Users\jaysh\ToiletTraining\neither\2026-02-22 00-51-48__2.mp4
24,wee,C:\Users\jaysh\TapoVideos\Computer Camera\2026-02-22\2026-02-22 01-01-56.mp4,C:\Users\jaysh\ToiletTraining\wee\2026-02-22 01-01-56__2.mp4
29,neither,C:\Users\jaysh\TapoVideos\Computer Camera\2026-02-22\2026-02-22 01-08-11.mp4,C:\Users\jaysh\ToiletTraining\neither\2026-02-22 01-08-11.mp4
30,neither,C:\Users\jaysh\TapoVideos\Computer Camera\2026-02-22\2026-02-22 01-08-49.mp4,C:\Users\jaysh\ToiletTraining\neither\2026-02-22 01-08-49__2.mp4
31,neither,C:\Users\jaysh\TapoVideos\Computer Camera\2026-02-22\2026-02-22 01-10-09.mp4,C:\Users\jaysh\ToiletTraining\neither\2026-02-22 01-10-09.mp4
33,neither,C:\Users\jaysh\TapoVideos\Computer Camera\2026-02-22\2026-02-22 01-14-29.mp4,C:\Users\jaysh\ToiletTraining\neither\2026-02-22 01-14-29__2.mp4
39,neither,C:\Users\jaysh\TapoVideos\Computer Camera\2026-02-22\2026-02-22 02-04-31.mp4,C:\Users\jaysh\ToiletTraining\neither\2026-02-22 02-04-31__2.mp4
41,neither,C:\Users\jaysh\TapoVideos\Computer Camera\2026-02-22\2026-02-22 02-07-47.mp4,C:\Users\jaysh\ToiletTraining\neither\2026-02-22 02-07-47__2.mp4
44,neither,C:\Users\jaysh\TapoVideos\Computer Camera\2026-02-22\2026-02-22 11-08-22.mp4,C:\Users\jaysh\ToiletTraining\neither\2026-02-22 11-08-22.mp4
45,neither,C:\Users\jaysh\TapoVideos\Computer Camera\2026-02-22\2026-02-22 11-08-42.mp4,C:\Users\jaysh\ToiletTraining\neither\2026-02-22 11-08-42.mp4
49,neither,C:\Users\jaysh\TapoVideos\Computer Camera\2026-02-22\2026-02-22 12-07-46.mp4,C:\Users\jaysh\ToiletTraining\neither\2026-02-22 12-07-46__2.mp4
53,neither,C:\Users\jaysh\TapoVideos\Computer Camera\2026-02-22\2026-02-22 12-30-43.mp4,C:\Users\jaysh\ToiletTraining\neither\2026-02-22 12-30-43__2.mp4
57,poo,C:\Users\jaysh\TapoVideos\Computer Camera\2026-02-22\2026-02-22 13-08-50.mp4,C:\Users\jaysh\ToiletTraining\poo\2026-02-22 13-08-50__2.mp4
58,poo,C:\Users\jaysh\TapoVideos\Computer Camera\2026-02-22\2026-02-22 13-09-24.mp4,C:\Users\jaysh\ToiletTraining\poo\2026-02-22 13-09-24__2.mp4
64,neither,C:\Users\jaysh\TapoVideos\Computer Camera\2026-02-22\2026-02-22 13-55-21.mp4,C:\Users\jaysh\ToiletTraining\neither\2026-02-22 13-55-21.mp4
65,neither,C:\Users\jaysh\TapoVideos\Computer Camera\2026-02-22\2026-02-22 14-04-01.mp4,C:\Users\jaysh\ToiletTraining\neither\2026-02-22 14-04-01.mp4
67,neither,C:\Users\jaysh\TapoVideos\Computer Camera\2026-02-22\2026-02-22 14-05-42.mp4,C:\Users\jaysh\ToiletTraining\neither\2026-02-22 14-05-42.mp4
74,neither,C:\Users\jaysh\TapoVideos\Computer Camera\2026-02-22\2026-02-22 14-29-20.mp4,C:\Users\jaysh\ToiletTraining\neither\2026-02-22 14-29-20__2.mp4
75,neither,C:\Users\jaysh\TapoVideos\Computer Camera\2026-02-22\2026-02-22 14-30-23.mp4,C:\Users\jaysh\ToiletTraining\neither\2026-02-22 14-30-23__2.mp4
76,neither,C:\Users\jaysh\TapoVideos\Computer Camera\2026-02-22\2026-02-22 14-31-33.mp4,C:\Users\jaysh\ToiletTraining\neither\2026-02-22 14-31-33__2.mp4
78,neither,C:\Users\jaysh\TapoVideos\Computer Camera\2026-02-22\2026-02-22 14-34-34.mp4,C:\Users\jaysh\ToiletTraining\neither\2026-02-22 14-34-34__2.mp4
82,neither,C:\Users\jaysh\TapoVideos\Computer Camera\2026-02-22\2026-02-22 14-38-54.mp4,C:\Users\jaysh\ToiletTraining\neither\2026-02-22 14-38-54__2.mp4
86,neither,C:\Users\jaysh\TapoVideos\Computer Camera\2026-02-22\2026-02-22 14-40-26.mp4,C:\Users\jaysh\ToiletTraining\neither\2026-02-22 14-40-26__2.mp4
92,neither,C:\Users\jaysh\TapoVideos\Computer Camera\2026-02-22\2026-02-22 14-46-21.mp4,C:\Users\jaysh\ToiletTraining\neither\2026-02-22 14-46-21__2.mp4
94,neither,C:\Users\jaysh\TapoVideos\Computer Camera\2026-02-22\2026-02-22 14-47-56.mp4,C:\Users\jaysh\ToiletTraining\neither\2026-02-22 14-47-56__2.mp4
100,neither,C:\Users\jaysh\TapoVideos\Computer Camera\2026-02-22\2026-02-22 16-10-30.mp4,C:\Users\jaysh\ToiletTraining\neither\2026-02-22 16-10-30__2.mp4
101,neither,C:\Users\jaysh\TapoVideos\Computer Camera\2026-02-22\2026-02-22 16-12-40.mp4,C:\Users\jaysh\ToiletTraining\neither\2026-02-22 16-12-40__2.mp4
102,neither,C:\Users\jaysh\TapoVideos\Computer Camera\2026-02-22\2026-02-22 16-12-58.mp4,C:\Users\jaysh\ToiletTraining\neither\2026-02-22 16-12-58__2.mp4
103,neither,C:\Users\jaysh\TapoVideos\Computer Camera\2026-02-22\2026-02-22 16-22-21.mp4,C:\Users\jaysh\ToiletTraining\neither\2026-02-22 16-22-21__2.mp4
105,wee,C:\Users\jaysh\TapoVideos\Computer Camera\2026-02-22\2026-02-22 16-26-19.mp4,C:\Users\jaysh\ToiletTraining\wee\2026-02-22 16-26-19__2.mp4
111,neither,C:\Users\jaysh\TapoVideos\Computer Camera\2026-02-22\2026-02-22 16-46-29.mp4,C:\Users\jaysh\ToiletTraining\neither\2026-02-22 16-46-29__2.mp4
112,neither,C:\Users\jaysh\TapoVideos\Computer Camera\2026-02-22\2026-02-22 16-54-17.mp4,C:\Users\jaysh\ToiletTraining\neither\2026-02-22 16-54-17__2.mp4
113,neither,C:\Users\jaysh\TapoVideos\Computer Camera\2026-02-22\2026-02-22 16-54-36.mp4,C:\Users\jaysh\ToiletTraining\neither\2026-02-22 16-54-36__2.mp4
114,neither,C:\Users\jaysh\TapoVideos\Computer Camera\2026-02-22\2026-02-22 16-54-56.mp4,C:\Users\jaysh\ToiletTraining\neither\2026-02-22 16-54-56__2.mp4
117,neither,C:\Users\jaysh\TapoVideos\Computer Camera\2026-02-22\2026-02-22 17-05-48.mp4,C:\Users\jaysh\ToiletTraining\neither\2026-02-22 17-05-48.mp4
118,neither,C:\Users\jaysh\TapoVideos\Computer Camera\2026-02-22\2026-02-22 17-06-53.mp4,C:\Users\jaysh\ToiletTraining\neither\2026-02-22 17-06-53.mp4
119,neither,C:\Users\jaysh\TapoVideos\Computer Camera\2026-02-22\2026-02-22 17-07-17.mp4,C:\Users\jaysh\ToiletTraining\neither\2026-02-22 17-07-17.mp4
120,neither,C:\Users\jaysh\TapoVideos\Computer Camera\2026-02-22\2026-02-22 17-07-49.mp4,C:\Users\jaysh\ToiletTraining\neither\2026-02-22 17-07-49.mp4
124,neither,C:\Users\jaysh\TapoVideos\Computer Camera\2026-02-22\2026-02-22 17-21-52.mp4,C:\Users\jaysh\ToiletTraining\neither\2026-02-22 17-21-52__2.mp4
126,neither,C:\Users\jaysh\TapoVideos\Computer Camera\2026-02-22\2026-02-22 17-38-57.mp4,C:\Users\jaysh\ToiletTraining\neither\2026-02-22 17-38-57__2.mp4
130,neither,C:\Users\jaysh\TapoVideos\Computer Camera\2026-02-22\2026-02-22 17-42-59.mp4,C:\Users\jaysh\ToiletTraining\neither\2026-02-22 17-42-59__2.mp4
132,neither,C:\Users\jaysh\TapoVideos\Computer Camera\2026-02-22\2026-02-22 17-44-30.mp4,C:\Users\jaysh\ToiletTraining\neither\2026-02-22 17-44-30.mp4
133,neither,C:\Users\jaysh\TapoVideos\Computer Camera\2026-02-22\2026-02-22 17-52-08.mp4,C:\Users\jaysh\ToiletTraining\neither\2026-02-22 17-52-08.mp4
134,neither,C:\Users\jaysh\TapoVideos\Computer Camera\2026-02-22\2026-02-22 17-53-22.mp4,C:\Users\jaysh\ToiletTraining\neither\2026-02-22 17-53-22__2.mp4
135,wee,C:\Users\jaysh\TapoVideos\Computer Camera\2026-02-22\2026-02-22 18-08-03.mp4,C:\Users\jaysh\ToiletTraining\wee\2026-02-22 18-08-03__2.mp4
137,neither,C:\Users\jaysh\TapoVideos\Computer Camera\2026-02-22\2026-02-22 18-21-24.mp4,C:\Users\jaysh\ToiletTraining\neither\2026-02-22 18-21-24.mp4
139,neither,C:\Users\jaysh\TapoVideos\Computer Camera\2026-02-22\2026-02-22 18-45-17.mp4,C:\Users\jaysh\ToiletTraining\neither\2026-02-22 18-45-17__2.mp4
145,neither,C:\Users\jaysh\TapoVideos\Computer Camera\2026-02-22\2026-02-22 18-56-31.mp4,C:\Users\jaysh\ToiletTraining\neither\2026-02-22 18-56-31__2.mp4
146,neither,C:\Users\jaysh\TapoVideos\Computer Camera\2026-02-22\2026-02-22 18-57-05.mp4,C:\Users\jaysh\ToiletTraining\neither\2026-02-22 18-57-05__2.mp4
156,wee,C:\Users\jaysh\TapoVideos\Computer Camera\2026-02-22\2026-02-22 21-56-33.mp4,C:\Users\jaysh\ToiletTraining\wee\2026-02-22 21-56-33__2.mp4
160,neither,C:\Users\jaysh\TapoVideos\Computer Camera\2026-02-22\2026-02-22 22-22-37.mp4,C:\Users\jaysh\ToiletTraining\neither\2026-02-22 22-22-37.mp4
162,neither,C:\Users\jaysh\TapoVideos\Computer Camera\2026-02-22\2026-02-22 22-29-14.mp4,C:\Users\jaysh\ToiletTraining\neither\2026-02-22 22-29-14.mp4
164,neither,C:\Users\jaysh\TapoVideos\Computer Camera\2026-02-22\2026-02-22 22-33-16.mp4,C:\Users\jaysh\ToiletTraining\neither\2026-02-22 22-33-16.mp4
165,neither,C:\Users\jaysh\TapoVideos\Computer Camera\2026-02-22\2026-02-22 22-33-47.mp4,C:\Users\jaysh\ToiletTraining\neither\2026-02-22 22-33-47.mp4
166,neither,C:\Users\jaysh\TapoVideos\Computer Camera\2026-02-22\2026-02-22 22-36-07.mp4,C:\Users\jaysh\ToiletTraining\neither\2026-02-22 22-36-07.mp4
169,neither,C:\Users\jaysh\TapoVideos\Computer Camera\2026-02-22\2026-02-22 22-44-57.mp4,C:\Users\jaysh\ToiletTraining\neither\2026-02-22 22-44-57__2.mp4
170,neither,C:\Users\jaysh\TapoVideos\Computer Camera\2026-02-22\2026-02-22 22-45-18.mp4,C:\Users\jaysh\ToiletTraining\neither\2026-02-22 22-45-18.mp4
172,neither,C:\Users\jaysh\TapoVideos\Computer Camera\2026-02-22\2026-02-22 22-46-26.mp4,C:\Users\jaysh\ToiletTraining\neither\2026-02-22 22-46-26__2.mp4
186,neither,C:\Users\jaysh\TapoVideos\Computer Camera\2026-02-22\2026-02-22 22-56-45.mp4,C:\Users\jaysh\ToiletTraining\neither\2026-02-22 22-56-45.mp4
187,neither,C:\Users\jaysh\TapoVideos\Computer Camera\2026-02-22\2026-02-22 22-58-17.mp4,C:\Users\jaysh\ToiletTraining\neither\2026-02-22 22-58-17.mp4
190,neither,C:\Users\jaysh\TapoVideos\Computer Camera\2026-02-22\2026-02-22 23-01-11.mp4,C:\Users\jaysh\ToiletTraining\neither\2026-02-22 23-01-11__2.mp4
193,neither,C:\Users\jaysh\TapoVideos\Computer Camera\2026-02-22\2026-02-22 23-04-14.mp4,C:\Users\jaysh\ToiletTraining\neither\2026-02-22 23-04-14__2.mp4
194,neither,C:\Users\jaysh\TapoVideos\Computer Camera\2026-02-22\2026-02-22 23-06-25.mp4,C:\Users\jaysh\ToiletTraining\neither\2026-02-22 23-06-25.mp4
198,neither,C:\Users\jaysh\TapoVideos\Computer Camera\2026-02-22\2026-02-22 23-09-56.mp4,C:\Users\jaysh\ToiletTraining\neither\2026-02-22 23-09-56.mp4
199,neither,C:\Users\jaysh\TapoVideos\Computer Camera\2026-02-22\2026-02-22 23-11-49.mp4,C:\Users\jaysh\ToiletTraining\neither\2026-02-22 23-11-49.mp4
200,neither,C:\Users\jaysh\TapoVideos\Computer Camera\2026-02-22\2026-02-22 23-15-27.mp4,C:\Users\jaysh\ToiletTraining\neither\2026-02-22 23-15-27.mp4
201,neither,C:\Users\jaysh\TapoVideos\Computer Camera\2026-02-22\2026-02-22 23-16-17.mp4,C:\Users\jaysh\ToiletTraining\neither\2026-02-22 23-16-17.mp4
202,neither,C:\Users\jaysh\TapoVideos\Computer Camera\2026-02-22\2026-02-22 23-16-48.mp4,C:\Users\jaysh\ToiletTraining\neither\2026-02-22 23-16-48.mp4
203,neither,C:\Users\jaysh\TapoVideos\Computer Camera\2026-02-22\2026-02-22 23-17-22.mp4,C:\Users\jaysh\ToiletTraining\neither\2026-02-22 23-17-22.mp4
204,neither,C:\Users\jaysh\TapoVideos\Computer Camera\2026-02-22\2026-02-22 23-17-46.mp4,C:\Users\jaysh\ToiletTraining\neither\2026-02-22 23-17-46.mp4
205,wee,C:\Users\jaysh\TapoVideos\Computer Camera\2026-02-22\2026-02-22 23-18-33.mp4,C:\Users\jaysh\ToiletTraining\wee\2026-02-22 23-18-33__2.mp4
217,poo,C:\Users\jaysh\TapoVideos\Computer Camera\2026-02-23\2026-02-23 14-02-45.mp4,C:\Users\jaysh\ToiletTraining\poo\2026-02-23 14-02-45.mp4
218,poo,C:\Users\jaysh\TapoVideos\Computer Camera\2026-02-23\2026-02-23 14-03-14.mp4,C:\Users\jaysh\ToiletTraining\poo\2026-02-23 14-03-14.mp4
222,neither,C:\Users\jaysh\TapoVideos\Computer Camera\2026-02-23\2026-02-23 14-48-30.mp4,C:\Users\jaysh\ToiletTraining\neither\2026-02-23 14-48-30.mp4
223,neither,C:\Users\jaysh\TapoVideos\Computer Camera\2026-02-23\2026-02-23 14-48-55.mp4,C:\Users\jaysh\ToiletTraining\neither\2026-02-23 14-48-55.mp4
224,neither,C:\Users\jaysh\TapoVideos\Computer Camera\2026-02-23\2026-02-23 14-49-27.mp4,C:\Users\jaysh\ToiletTraining\neither\2026-02-23 14-49-27.mp4
225,neither,C:\Users\jaysh\TapoVideos\Computer Camera\2026-02-23\2026-02-23 14-50-03.mp4,C:\Users\jaysh\ToiletTraining\neither\2026-02-23 14-50-03.mp4
226,neither,C:\Users\jaysh\TapoVideos\Computer Camera\2026-02-23\2026-02-23 14-50-33.mp4,C:\Users\jaysh\ToiletTraining\neither\2026-02-23 14-50-33.mp4
227,wee,C:\Users\jaysh\TapoVideos\Computer Camera\2026-02-23\2026-02-23 14-51-40.mp4,C:\Users\jaysh\ToiletTraining\wee\2026-02-23 14-51-40.mp4
228,wee,C:\Users\jaysh\TapoVideos\Computer Camera\2026-02-23\2026-02-23 14-52-07.mp4,C:\Users\jaysh\ToiletTraining\wee\2026-02-23 14-52-07.mp4
229,neither,C:\Users\jaysh\TapoVideos\Computer Camera\2026-02-23\2026-02-23 14-56-05.mp4,C:\Users\jaysh\ToiletTraining\neither\2026-02-23 14-56-05.mp4
235,neither,C:\Users\jaysh\TapoVideos\Computer Camera\2026-02-23\2026-02-23 16-53-33.mp4,C:\Users\jaysh\ToiletTraining\neither\2026-02-23 16-53-33.mp4
238,neither,C:\Users\jaysh\TapoVideos\Computer Camera\2026-02-23\2026-02-23 17-17-40.mp4,C:\Users\jaysh\ToiletTraining\neither\2026-02-23 17-17-40.mp4
242,neither,C:\Users\jaysh\TapoVideos\Computer Camera\2026-02-23\2026-02-23 17-29-08.mp4,C:\Users\jaysh\ToiletTraining\neither\2026-02-23 17-29-08.mp4
243,neither,C:\Users\jaysh\TapoVideos\Computer Camera\2026-02-23\2026-02-23 17-30-08.mp4,C:\Users\jaysh\ToiletTraining\neither\2026-02-23 17-30-08.mp4
245,neither,C:\Users\jaysh\TapoVideos\Computer Camera\2026-02-23\2026-02-23 17-47-22.mp4,C:\Users\jaysh\ToiletTraining\neither\2026-02-23 17-47-22.mp4
249,neither,C:\Users\jaysh\TapoVideos\Computer Camera\2026-02-23\2026-02-23 18-26-18.mp4,C:\Users\jaysh\ToiletTraining\neither\2026-02-23 18-26-18.mp4
255,neither,C:\Users\jaysh\TapoVideos\Computer Camera\2026-02-23\2026-02-23 20-30-42.mp4,C:\Users\jaysh\ToiletTraining\neither\2026-02-23 20-30-42.mp4
256,neither,C:\Users\jaysh\TapoVideos\Computer Camera\2026-02-23\2026-02-23 20-31-03.mp4,C:\Users\jaysh\ToiletTraining\neither\2026-02-23 20-31-03.mp4
258,neither,C:\Users\jaysh\TapoVideos\Computer Camera\2026-02-23\2026-02-23 20-32-22.mp4,C:\Users\jaysh\ToiletTraining\neither\2026-02-23 20-32-22.mp4
259,neither,C:\Users\jaysh\TapoVideos\Computer Camera\2026-02-23\2026-02-23 20-33-42.mp4,C:\Users\jaysh\ToiletTraining\neither\2026-02-23 20-33-42.mp4
260,neither,C:\Users\jaysh\TapoVideos\Computer Camera\2026-02-23\2026-02-23 20-34-22.mp4,C:\Users\jaysh\ToiletTraining\neither\2026-02-23 20-34-22.mp4
261,neither,C:\Users\jaysh\TapoVideos\Computer Camera\2026-02-23\2026-02-23 20-34-37.mp4,C:\Users\jaysh\ToiletTraining\neither\2026-02-23 20-34-37.mp4
262,neither,C:\Users\jaysh\TapoVideos\Computer Camera\2026-02-23\2026-02-23 20-35-11.mp4,C:\Users\jaysh\ToiletTraining\neither\2026-02-23 20-35-11.mp4
263,neither,C:\Users\jaysh\TapoVideos\Computer Camera\2026-02-23\2026-02-23 20-35-51.mp4,C:\Users\jaysh\ToiletTraining\neither\2026-02-23 20-35-51.mp4
264,neither,C:\Users\jaysh\TapoVideos\Computer Camera\2026-02-23\2026-02-23 20-36-11.mp4,C:\Users\jaysh\ToiletTraining\neither\2026-02-23 20-36-11.mp4
265,neither,C:\Users\jaysh\TapoVideos\Computer Camera\2026-02-23\2026-02-23 20-36-43.mp4,C:\Users\jaysh\ToiletTraining\neither\2026-02-23 20-36-43.mp4
266,neither,C:\Users\jaysh\TapoVideos\Computer Camera\2026-02-23\2026-02-23 20-37-13.mp4,C:\Users\jaysh\ToiletTraining\neither\2026-02-23 20-37-13.mp4
267,neither,C:\Users\jaysh\TapoVideos\Computer Camera\2026-02-23\2026-02-23 20-37-37.mp4,C:\Users\jaysh\ToiletTraining\neither\2026-02-23 20-37-37.mp4
268,neither,C:\Users\jaysh\TapoVideos\Computer Camera\2026-02-23\2026-02-23 20-38-32.mp4,C:\Users\jaysh\ToiletTraining\neither\2026-02-23 20-38-32.mp4
269,neither,C:\Users\jaysh\TapoVideos\Computer Camera\2026-02-23\2026-02-23 20-39-06.mp4,C:\Users\jaysh\ToiletTraining\neither\2026-02-23 20-39-06.mp4
270,neither,C:\Users\jaysh\TapoVideos\Computer Camera\2026-02-23\2026-02-23 20-39-20.mp4,C:\Users\jaysh\ToiletTraining\neither\2026-02-23 20-39-20.mp4
271,neither,C:\Users\jaysh\TapoVideos\Computer Camera\2026-02-23\2026-02-23 20-40-55.mp4,C:\Users\jaysh\ToiletTraining\neither\2026-02-23 20-40-55.mp4
273,wee,C:\Users\jaysh\TapoVideos\Computer Camera\2026-02-23\2026-02-23 22-01-12.mp4,C:\Users\jaysh\ToiletTraining\wee\2026-02-23 22-01-12.mp4
278,wee,C:\Users\jaysh\TapoVideos\Computer Camera\2026-02-24\2026-02-24 00-20-45.mp4,C:\Users\jaysh\ToiletTraining\wee\2026-02-24 00-20-45.mp4
280,neither,C:\Users\jaysh\TapoVideos\Computer Camera\2026-02-24\2026-02-24 00-23-48.mp4,C:\Users\jaysh\ToiletTraining\neither\2026-02-24 00-23-48.mp4
281,neither,C:\Users\jaysh\TapoVideos\Computer Camera\2026-02-24\2026-02-24 00-24-35.mp4,C:\Users\jaysh\ToiletTraining\neither\2026-02-24 00-24-35.mp4
282,neither,C:\Users\jaysh\TapoVideos\Computer Camera\2026-02-24\2026-02-24 00-25-13.mp4,C:\Users\jaysh\ToiletTraining\neither\2026-02-24 00-25-13.mp4
283,neither,C:\Users\jaysh\TapoVideos\Computer Camera\2026-02-24\2026-02-24 00-25-52.mp4,C:\Users\jaysh\ToiletTraining\neither\2026-02-24 00-25-52.mp4
284,neither,C:\Users\jaysh\TapoVideos\Computer Camera\2026-02-24\2026-02-24 00-26-15.mp4,C:\Users\jaysh\ToiletTraining\neither\2026-02-24 00-26-15.mp4
285,neither,C:\Users\jaysh\TapoVideos\Computer Camera\2026-02-24\2026-02-24 00-26-27.mp4,C:\Users\jaysh\ToiletTraining\neither\2026-02-24 00-26-27.mp4
286,neither,C:\Users\jaysh\TapoVideos\Computer Camera\2026-02-24\2026-02-24 00-26-42.mp4,C:\Users\jaysh\ToiletTraining\neither\2026-02-24 00-26-42.mp4
292,neither,C:\Users\jaysh\TapoVideos\Computer Camera\2026-02-24\2026-02-24 00-40-17.mp4,C:\Users\jaysh\ToiletTraining\neither\2026-02-24 00-40-17.mp4
293,neither,C:\Users\jaysh\TapoVideos\Computer Camera\2026-02-24\2026-02-24 00-40-52.mp4,C:\Users\jaysh\ToiletTraining\neither\2026-02-24 00-40-52.mp4
294,neither,C:\Users\jaysh\TapoVideos\Computer Camera\2026-02-24\2026-02-24 00-41-15.mp4,C:\Users\jaysh\ToiletTraining\neither\2026-02-24 00-41-15.mp4
299,neither,C:\Users\jaysh\TapoVideos\Computer Camera\2026-02-24\2026-02-24 00-47-40.mp4,C:\Users\jaysh\ToiletTraining\neither\2026-02-24 00-47-40.mp4
300,neither,C:\Users\jaysh\TapoVideos\Computer Camera\2026-02-24\2026-02-24 01-07-41.mp4,C:\Users\jaysh\ToiletTraining\neither\2026-02-24 01-07-41.mp4
301,neither,C:\Users\jaysh\TapoVideos\Computer Camera\2026-02-24\2026-02-24 01-08-17.mp4,C:\Users\jaysh\ToiletTraining\neither\2026-02-24 01-08-17.mp4
304,neither,C:\Users\jaysh\TapoVideos\Computer Camera\2026-02-24\2026-02-24 01-14-43.mp4,C:\Users\jaysh\ToiletTraining\neither\2026-02-24 01-14-43.mp4
305,neither,C:\Users\jaysh\TapoVideos\Computer Camera\2026-02-24\2026-02-24 01-15-20.mp4,C:\Users\jaysh\ToiletTraining\neither\2026-02-24 01-15-20.mp4
309,neither,C:\Users\jaysh\TapoVideos\Computer Camera\2026-02-24\2026-02-24 01-24-07.mp4,C:\Users\jaysh\ToiletTraining\neither\2026-02-24 01-24-07.mp4
313,neither,C:\Users\jaysh\TapoVideos\Computer Camera\2026-02-24\2026-02-24 10-12-51.mp4,C:\Users\jaysh\ToiletTraining\neither\2026-02-24 10-12-51.mp4
316,wee,C:\Users\jaysh\TapoVideos\Computer Camera\2026-02-24\2026-02-24 10-16-07.mp4,C:\Users\jaysh\ToiletTraining\wee\2026-02-24 10-16-07.mp4
321,wee,C:\Users\jaysh\TapoVideos\Computer Camera\2026-02-24\2026-02-24 14-19-13.mp4,C:\Users\jaysh\ToiletTraining\wee\2026-02-24 14-19-13.mp4
326,neither,C:\Users\jaysh\TapoVideos\Computer Camera\2026-02-24\2026-02-24 14-38-11.mp4,C:\Users\jaysh\ToiletTraining\neither\2026-02-24 14-38-11.mp4
342,neither,C:\Users\jaysh\TapoVideos\Computer Camera\2026-02-24\2026-02-24 15-51-21.mp4,C:\Users\jaysh\ToiletTraining\neither\2026-02-24 15-51-21.mp4
343,neither,C:\Users\jaysh\TapoVideos\Computer Camera\2026-02-24\2026-02-24 15-53-16.mp4,C:\Users\jaysh\ToiletTraining\neither\2026-02-24 15-53-16.mp4
346,neither,C:\Users\jaysh\TapoVideos\Computer Camera\2026-02-24\2026-02-24 16-24-32.mp4,C:\Users\jaysh\ToiletTraining\neither\2026-02-24 16-24-32.mp4
347,neither,C:\Users\jaysh\TapoVideos\Computer Camera\2026-02-24\2026-02-24 16-25-14.mp4,C:\Users\jaysh\ToiletTraining\neither\2026-02-24 16-25-14.mp4
351,neither,C:\Users\jaysh\TapoVideos\Computer Camera\2026-02-24\2026-02-24 16-53-40.mp4,C:\Users\jaysh\ToiletTraining\neither\2026-02-24 16-53-40.mp4
352,neither,C:\Users\jaysh\TapoVideos\Computer Camera\2026-02-24\2026-02-24 16-53-56.mp4,C:\Users\jaysh\ToiletTraining\neither\2026-02-24 16-53-56.mp4
356,neither,C:\Users\jaysh\TapoVideos\Computer Camera\2026-02-24\2026-02-24 17-02-05.mp4,C:\Users\jaysh\ToiletTraining\neither\2026-02-24 17-02-05.mp4
363,neither,C:\Users\jaysh\TapoVideos\Computer Camera\2026-02-24\2026-02-24 17-54-31.mp4,C:\Users\jaysh\ToiletTraining\neither\2026-02-24 17-54-31.mp4
365,neither,C:\Users\jaysh\TapoVideos\Computer Camera\2026-02-24\2026-02-24 17-57-00.mp4,C:\Users\jaysh\ToiletTraining\neither\2026-02-24 17-57-00.mp4
376,neither,C:\Users\jaysh\TapoVideos\Computer Camera\2026-02-24\2026-02-24 19-18-51.mp4,C:\Users\jaysh\ToiletTraining\neither\2026-02-24 19-18-51.mp4
379,neither,C:\Users\jaysh\TapoVideos\Computer Camera\2026-02-24\2026-02-24 19-21-02.mp4,C:\Users\jaysh\ToiletTraining\neither\2026-02-24 19-21-02.mp4
380,neither,C:\Users\jaysh\TapoVideos\Computer Camera\2026-02-24\2026-02-24 19-30-40.mp4,C:\Users\jaysh\ToiletTraining\neither\2026-02-24 19-30-40.mp4
381,neither,C:\Users\jaysh\TapoVideos\Computer Camera\2026-02-24\2026-02-24 19-31-33.mp4,C:\Users\jaysh\ToiletTraining\neither\2026-02-24 19-31-33.mp4
382,neither,C:\Users\jaysh\TapoVideos\Computer Camera\2026-02-24\2026-02-24 19-31-53.mp4,C:\Users\jaysh\ToiletTraining\neither\2026-02-24 19-31-53.mp4
383,neither,C:\Users\jaysh\TapoVideos\Computer Camera\2026-02-24\2026-02-24 19-32-25.mp4,C:\Users\jaysh\ToiletTraining\neither\2026-02-24 19-32-25.mp4
384,neither,C:\Users\jaysh\TapoVideos\Computer Camera\2026-02-24\2026-02-24 19-33-33.mp4,C:\Users\jaysh\ToiletTraining\neither\2026-02-24 19-33-33.mp4
388,neither,C:\Users\jaysh\TapoVideos\Computer Camera\2026-02-24\2026-02-24 20-09-03.mp4,C:\Users\jaysh\ToiletTraining\neither\2026-02-24 20-09-03.mp4
389,neither,C:\Users\jaysh\TapoVideos\Computer Camera\2026-02-24\2026-02-24 20-10-03.mp4,C:\Users\jaysh\ToiletTraining\neither\2026-02-24 20-10-03.mp4
390,neither,C:\Users\jaysh\TapoVideos\Computer Camera\2026-02-24\2026-02-24 20-11-12.mp4,C:\Users\jaysh\ToiletTraining\neither\2026-02-24 20-11-12.mp4
392,neither,C:\Users\jaysh\TapoVideos\Computer Camera\2026-02-24\2026-02-24 20-13-28.mp4,C:\Users\jaysh\ToiletTraining\neither\2026-02-24 20-13-28.mp4
393,neither,C:\Users\jaysh\TapoVideos\Computer Camera\2026-02-24\2026-02-24 20-14-12.mp4,C:\Users\jaysh\ToiletTraining\neither\2026-02-24 20-14-12.mp4
394,neither,C:\Users\jaysh\TapoVideos\Computer Camera\2026-02-24\2026-02-24 20-14-46.mp4,C:\Users\jaysh\ToiletTraining\neither\2026-02-24 20-14-46.mp4
395,neither,C:\Users\jaysh\TapoVideos\Computer Camera\2026-02-24\2026-02-24 20-15-32.mp4,C:\Users\jaysh\ToiletTraining\neither\2026-02-24 20-15-32.mp4
400,neither,C:\Users\jaysh\TapoVideos\Computer Camera\2026-02-24\2026-02-24 20-45-31.mp4,C:\Users\jaysh\ToiletTraining\neither\2026-02-24 20-45-31.mp4
403,wee,C:\Users\jaysh\TapoVideos\Computer Camera\2026-02-24\2026-02-24 23-03-56.mp4,C:\Users\jaysh\ToiletTraining\wee\2026-02-24 23-03-56.mp4
404,neither,C:\Users\jaysh\TapoVideos\Computer Camera\2026-02-24\2026-02-24 23-07-30.mp4,C:\Users\jaysh\ToiletTraining\neither\2026-02-24 23-07-30.mp4
405,neither,C:\Users\jaysh\TapoVideos\Computer Camera\2026-02-24\2026-02-24 23-08-01.mp4,C:\Users\jaysh\ToiletTraining\neither\2026-02-24 23-08-01.mp4
406,neither,C:\Users\jaysh\TapoVideos\Computer Camera\2026-02-24\2026-02-24 23-09-11.mp4,C:\Users\jaysh\ToiletTraining\neither\2026-02-24 23-09-11.mp4
410,neither,C:\Users\jaysh\TapoVideos\Computer Camera\2026-02-24\2026-02-24 23-19-49.mp4,C:\Users\jaysh\ToiletTraining\neither\2026-02-24 23-19-49.mp4
411,neither,C:\Users\jaysh\TapoVideos\Computer Camera\2026-02-24\2026-02-24 23-20-05.mp4,C:\Users\jaysh\ToiletTraining\neither\2026-02-24 23-20-05.mp4
412,neither,C:\Users\jaysh\TapoVideos\Computer Camera\2026-02-24\2026-02-24 23-20-46.mp4,C:\Users\jaysh\ToiletTraining\neither\2026-02-24 23-20-46.mp4
416,neither,C:\Users\jaysh\TapoVideos\Computer Camera\2026-02-24\2026-02-24 23-24-04.mp4,C:\Users\jaysh\ToiletTraining\neither\2026-02-24 23-24-04.mp4
417,neither,C:\Users\jaysh\TapoVideos\Computer Camera\2026-02-24\2026-02-24 23-24-49.mp4,C:\Users\jaysh\ToiletTraining\neither\2026-02-24 23-24-49.mp4
423,wee,C:\Users\jaysh\TapoVideos\Computer Camera\2026-02-25\2026-02-25 00-00-32.mp4,C:\Users\jaysh\ToiletTraining\wee\2026-02-25 00-00-32.mp4
425,neither,C:\Users\jaysh\TapoVideos\Computer Camera\2026-02-25\2026-02-25 00-02-43.mp4,C:\Users\jaysh\ToiletTraining\neither\2026-02-25 00-02-43.mp4
427,neither,C:\Users\jaysh\TapoVideos\Computer Camera\2026-02-25\2026-02-25 00-11-54.mp4,C:\Users\jaysh\ToiletTraining\neither\2026-02-25 00-11-54.mp4
428,neither,C:\Users\jaysh\TapoVideos\Computer Camera\2026-02-25\2026-02-25 00-18-56.mp4,C:\Users\jaysh\ToiletTraining\neither\2026-02-25 00-18-56.mp4
429,neither,C:\Users\jaysh\TapoVideos\Computer Camera\2026-02-25\2026-02-25 00-20-46.mp4,C:\Users\jaysh\ToiletTraining\neither\2026-02-25 00-20-46.mp4
430,poo,C:\Users\jaysh\TapoVideos\Computer Camera\2026-02-25\2026-02-25 00-21-42.mp4,C:\Users\jaysh\ToiletTraining\poo\2026-02-25 00-21-42.mp4
431,poo,C:\Users\jaysh\TapoVideos\Computer Camera\2026-02-25\2026-02-25 00-22-14.mp4,C:\Users\jaysh\ToiletTraining\poo\2026-02-25 00-22-14.mp4
433,neither,C:\Users\jaysh\TapoVideos\Computer Camera\2026-02-25\2026-02-25 00-26-00.mp4,C:\Users\jaysh\ToiletTraining\neither\2026-02-25 00-26-00.mp4
434,neither,C:\Users\jaysh\TapoVideos\Computer Camera\2026-02-25\2026-02-25 00-26-24.mp4,C:\Users\jaysh\ToiletTraining\neither\2026-02-25 00-26-24.mp4
436,poo,C:\Users\jaysh\TapoVideos\Computer Camera\2026-02-25\2026-02-25 00-29-38.mp4,C:\Users\jaysh\ToiletTraining\poo\2026-02-25 00-29-38.mp4
437,poo,C:\Users\jaysh\TapoVideos\Computer Camera\2026-02-25\2026-02-25 00-30-03.mp4,C:\Users\jaysh\ToiletTraining\poo\2026-02-25 00-30-03.mp4
438,neither,C:\Users\jaysh\TapoVideos\Computer Camera\2026-02-25\2026-02-25 10-22-00.mp4,C:\Users\jaysh\ToiletTraining\neither\2026-02-25 10-22-00.mp4
439,neither,C:\Users\jaysh\TapoVideos\Computer Camera\2026-02-25\2026-02-25 10-50-50.mp4,C:\Users\jaysh\ToiletTraining\neither\2026-02-25 10-50-50.mp4
441,neither,C:\Users\jaysh\TapoVideos\Computer Camera\2026-02-25\2026-02-25 12-52-16.mp4,C:\Users\jaysh\ToiletTraining\neither\2026-02-25 12-52-16.mp4
442,neither,C:\Users\jaysh\TapoVideos\Computer Camera\2026-02-25\2026-02-25 12-53-49.mp4,C:\Users\jaysh\ToiletTraining\neither\2026-02-25 12-53-49.mp4
443,neither,C:\Users\jaysh\TapoVideos\Computer Camera\2026-02-25\2026-02-25 12-54-33.mp4,C:\Users\jaysh\ToiletTraining\neither\2026-02-25 12-54-33.mp4
446,neither,C:\Users\jaysh\TapoVideos\Computer Camera\2026-02-25\2026-02-25 12-56-22.mp4,C:\Users\jaysh\ToiletTraining\neither\2026-02-25 12-56-22.mp4
447,neither,C:\Users\jaysh\TapoVideos\Computer Camera\2026-02-25\2026-02-25 12-56-52.mp4,C:\Users\jaysh\ToiletTraining\neither\2026-02-25 12-56-52.mp4
448,neither,C:\Users\jaysh\TapoVideos\Computer Camera\2026-02-25\2026-02-25 12-57-04.mp4,C:\Users\jaysh\ToiletTraining\neither\2026-02-25 12-57-04.mp4
449,neither,C:\Users\jaysh\TapoVideos\Computer Camera\2026-02-25\2026-02-25 12-57-18.mp4,C:\Users\jaysh\ToiletTraining\neither\2026-02-25 12-57-18.mp4
450,neither,C:\Users\jaysh\TapoVideos\Computer Camera\2026-02-25\2026-02-25 12-57-48.mp4,C:\Users\jaysh\ToiletTraining\neither\2026-02-25 12-57-48.mp4
451,neither,C:\Users\jaysh\TapoVideos\Computer Camera\2026-02-25\2026-02-25 13-01-20.mp4,C:\Users\jaysh\ToiletTraining\neither\2026-02-25 13-01-20.mp4
452,neither,C:\Users\jaysh\TapoVideos\Computer Camera\2026-02-25\2026-02-25 13-01-52.mp4,C:\Users\jaysh\ToiletTraining\neither\2026-02-25 13-01-52.mp4
453,neither,C:\Users\jaysh\TapoVideos\Computer Camera\2026-02-25\2026-02-25 13-02-58.mp4,C:\Users\jaysh\ToiletTraining\neither\2026-02-25 13-02-58.mp4
454,neither,C:\Users\jaysh\TapoVideos\Computer Camera\2026-02-25\2026-02-25 13-03-58.mp4,C:\Users\jaysh\ToiletTraining\neither\2026-02-25 13-03-58.mp4
455,neither,C:\Users\jaysh\TapoVideos\Computer Camera\2026-02-25\2026-02-25 13-04-16.mp4,C:\Users\jaysh\ToiletTraining\neither\2026-02-25 13-04-16.mp4
461,neither,C:\Users\jaysh\TapoVideos\Computer Camera\2026-02-25\2026-02-25 13-23-21.mp4,C:\Users\jaysh\ToiletTraining\neither\2026-02-25 13-23-21.mp4
466,neither,C:\Users\jaysh\TapoVideos\Computer Camera\2026-02-25\2026-02-25 15-50-44.mp4,C:\Users\jaysh\ToiletTraining\neither\2026-02-25 15-50-44.mp4
467,neither,C:\Users\jaysh\TapoVideos\Computer Camera\2026-02-25\2026-02-25 15-51-07.mp4,C:\Users\jaysh\ToiletTraining\neither\2026-02-25 15-51-07.mp4
468,neither,C:\Users\jaysh\TapoVideos\Computer Camera\2026-02-25\2026-02-25 15-51-33.mp4,C:\Users\jaysh\ToiletTraining\neither\2026-02-25 15-51-33.mp4
469,neither,C:\Users\jaysh\TapoVideos\Computer Camera\2026-02-25\2026-02-25 15-51-55.mp4,C:\Users\jaysh\ToiletTraining\neither\2026-02-25 15-51-55.mp4
471,neither,C:\Users\jaysh\TapoVideos\Computer Camera\2026-02-25\2026-02-25 15-53-50.mp4,C:\Users\jaysh\ToiletTraining\neither\2026-02-25 15-53-50.mp4
472,neither,C:\Users\jaysh\TapoVideos\Computer Camera\2026-02-25\2026-02-25 15-54-33.mp4,C:\Users\jaysh\ToiletTraining\neither\2026-02-25 15-54-33.mp4
473,neither,C:\Users\jaysh\TapoVideos\Computer Camera\2026-02-25\2026-02-25 15-55-45.mp4,C:\Users\jaysh\ToiletTraining\neither\2026-02-25 15-55-45.mp4
475,neither,C:\Users\jaysh\TapoVideos\Computer Camera\2026-02-25\2026-02-25 15-57-37.mp4,C:\Users\jaysh\ToiletTraining\neither\2026-02-25 15-57-37.mp4
476,neither,C:\Users\jaysh\TapoVideos\Computer Camera\2026-02-25\2026-02-25 15-59-46.mp4,C:\Users\jaysh\ToiletTraining\neither\2026-02-25 15-59-46.mp4
478,neither,C:\Users\jaysh\TapoVideos\Computer Camera\2026-02-25\2026-02-25 16-02-09.mp4,C:\Users\jaysh\ToiletTraining\neither\2026-02-25 16-02-09.mp4
479,neither,C:\Users\jaysh\TapoVideos\Computer Camera\2026-02-25\2026-02-25 16-03-22.mp4,C:\Users\jaysh\ToiletTraining\neither\2026-02-25 16-03-22.mp4
480,neither,C:\Users\jaysh\TapoVideos\Computer Camera\2026-02-25\2026-02-25 16-05-37.mp4,C:\Users\jaysh\ToiletTraining\neither\2026-02-25 16-05-37.mp4
481,neither,C:\Users\jaysh\TapoVideos\Computer Camera\2026-02-25\2026-02-25 16-06-10.mp4,C:\Users\jaysh\ToiletTraining\neither\2026-02-25 16-06-10.mp4
482,neither,C:\Users\jaysh\TapoVideos\Computer Camera\2026-02-25\2026-02-25 16-06-25.mp4,C:\Users\jaysh\ToiletTraining\neither\2026-02-25 16-06-25.mp4
483,neither,C:\Users\jaysh\TapoVideos\Computer Camera\2026-02-25\2026-02-25 16-08-19.mp4,C:\Users\jaysh\ToiletTraining\neither\2026-02-25 16-08-19.mp4
484,neither,C:\Users\jaysh\TapoVideos\Computer Camera\2026-02-25\2026-02-25 16-09-07.mp4,C:\Users\jaysh\ToiletTraining\neither\2026-02-25 16-09-07.mp4
493,neither,C:\Users\jaysh\TapoVideos\Computer Camera\2026-02-25\2026-02-25 16-23-32.mp4,C:\Users\jaysh\ToiletTraining\neither\2026-02-25 16-23-32.mp4
497,neither,C:\Users\jaysh\TapoVideos\Computer Camera\2026-02-25\2026-02-25 16-25-55.mp4,C:\Users\jaysh\ToiletTraining\neither\2026-02-25 16-25-55.mp4
500,neither,C:\Users\jaysh\TapoVideos\Computer Camera\2026-02-25\2026-02-25 16-28-50.mp4,C:\Users\jaysh\ToiletTraining\neither\2026-02-25 16-28-50.mp4
501,neither,C:\Users\jaysh\TapoVideos\Computer Camera\2026-02-25\2026-02-25 17-21-52.mp4,C:\Users\jaysh\ToiletTraining\neither\2026-02-25 17-21-52.mp4
503,neither,C:\Users\jaysh\TapoVideos\Computer Camera\2026-02-25\2026-02-25 17-23-30.mp4,C:\Users\jaysh\ToiletTraining\neither\2026-02-25 17-23-30.mp4
506,neither,C:\Users\jaysh\TapoVideos\Computer Camera\2026-02-25\2026-02-25 17-27-37.mp4,C:\Users\jaysh\ToiletTraining\neither\2026-02-25 17-27-37.mp4
507,neither,C:\Users\jaysh\TapoVideos\Computer Camera\2026-02-25\2026-02-25 17-28-26.mp4,C:\Users\jaysh\ToiletTraining\neither\2026-02-25 17-28-26.mp4
508,neither,C:\Users\jaysh\TapoVideos\Computer Camera\2026-02-25\2026-02-25 17-29-23.mp4,C:\Users\jaysh\ToiletTraining\neither\2026-02-25 17-29-23.mp4
509,neither,C:\Users\jaysh\TapoVideos\Computer Camera\2026-02-25\2026-02-25 17-30-05.mp4,C:\Users\jaysh\ToiletTraining\neither\2026-02-25 17-30-05.mp4
517,neither,C:\Users\jaysh\TapoVideos\Computer Camera\2026-02-25\2026-02-25 18-27-42.mp4,C:\Users\jaysh\ToiletTraining\neither\2026-02-25 18-27-42.mp4
519,neither,C:\Users\jaysh\TapoVideos\Computer Camera\2026-02-25\2026-02-25 18-29-54.mp4,C:\Users\jaysh\ToiletTraining\neither\2026-02-25 18-29-54.mp4
520,neither,C:\Users\jaysh\TapoVideos\Computer Camera\2026-02-25\2026-02-25 18-30-53.mp4,C:\Users\jaysh\ToiletTraining\neither\2026-02-25 18-30-53.mp4
522,neither,C:\Users\jaysh\TapoVideos\Computer Camera\2026-02-25\2026-02-25 18-35-23.mp4,C:\Users\jaysh\ToiletTraining\neither\2026-02-25 18-35-23.mp4
524,neither,C:\Users\jaysh\TapoVideos\Computer Camera\2026-02-25\2026-02-25 18-40-37.mp4,C:\Users\jaysh\ToiletTraining\neither\2026-02-25 18-40-37.mp4
525,neither,C:\Users\jaysh\TapoVideos\Computer Camera\2026-02-25\2026-02-25 18-41-24.mp4,C:\Users\jaysh\ToiletTraining\neither\2026-02-25 18-41-24.mp4
529,neither,C:\Users\jaysh\TapoVideos\Computer Camera\2026-02-25\2026-02-25 19-12-19.mp4,C:\Users\jaysh\ToiletTraining\neither\2026-02-25 19-12-19.mp4
533,neither,C:\Users\jaysh\TapoVideos\Computer Camera\2026-02-25\2026-02-25 19-21-31.mp4,C:\Users\jaysh\ToiletTraining\neither\2026-02-25 19-21-31.mp4
537,neither,C:\Users\jaysh\TapoVideos\Computer Camera\2026-02-25\2026-02-25 19-26-43.mp4,C:\Users\jaysh\ToiletTraining\neither\2026-02-25 19-26-43.mp4
538,wee,C:\Users\jaysh\TapoVideos\Computer Camera\2026-02-25\2026-02-25 19-33-59.mp4,C:\Users\jaysh\ToiletTraining\wee\2026-02-25 19-33-59.mp4
546,neither,C:\Users\jaysh\TapoVideos\Computer Camera\2026-02-25\2026-02-25 20-25-38.mp4,C:\Users\jaysh\ToiletTraining\neither\2026-02-25 20-25-38.mp4
547,neither,C:\Users\jaysh\TapoVideos\Computer Camera\2026-02-25\2026-02-25 20-27-22.mp4,C:\Users\jaysh\ToiletTraining\neither\2026-02-25 20-27-22.mp4
549,neither,C:\Users\jaysh\TapoVideos\Computer Camera\2026-02-25\2026-02-25 20-29-29.mp4,C:\Users\jaysh\ToiletTraining\neither\2026-02-25 20-29-29.mp4
550,neither,C:\Users\jaysh\TapoVideos\Computer Camera\2026-02-25\2026-02-25 20-30-37.mp4,C:\Users\jaysh\ToiletTraining\neither\2026-02-25 20-30-37.mp4
551,neither,C:\Users\jaysh\TapoVideos\Computer Camera\2026-02-25\2026-02-25 20-33-17.mp4,C:\Users\jaysh\ToiletTraining\neither\2026-02-25 20-33-17.mp4
552,neither,C:\Users\jaysh\TapoVideos\Computer Camera\2026-02-25\2026-02-25 20-34-35.mp4,C:\Users\jaysh\ToiletTraining\neither\2026-02-25 20-34-35.mp4
553,neither,C:\Users\jaysh\TapoVideos\Computer Camera\2026-02-25\2026-02-25 20-34-59.mp4,C:\Users\jaysh\ToiletTraining\neither\2026-02-25 20-34-59.mp4
554,neither,C:\Users\jaysh\TapoVideos\Computer Camera\2026-02-25\2026-02-25 20-36-59.mp4,C:\Users\jaysh\ToiletTraining\neither\2026-02-25 20-36-59.mp4
555,neither,C:\Users\jaysh\TapoVideos\Computer Camera\2026-02-25\2026-02-25 20-37-35.mp4,C:\Users\jaysh\ToiletTraining\neither\2026-02-25 20-37-35.mp4
557,neither,C:\Users\jaysh\TapoVideos\Computer Camera\2026-02-25\2026-02-25 20-44-33.mp4,C:\Users\jaysh\ToiletTraining\neither\2026-02-25 20-44-33.mp4
558,neither,C:\Users\jaysh\TapoVideos\Computer Camera\2026-02-25\2026-02-25 20-45-13.mp4,C:\Users\jaysh\ToiletTraining\neither\2026-02-25 20-45-13.mp4
559,neither,C:\Users\jaysh\TapoVideos\Computer Camera\2026-02-25\2026-02-25 20-46-03.mp4,C:\Users\jaysh\ToiletTraining\neither\2026-02-25 20-46-03.mp4
562,neither,C:\Users\jaysh\TapoVideos\Computer Camera\2026-02-25\2026-02-25 20-56-25.mp4,C:\Users\jaysh\ToiletTraining\neither\2026-02-25 20-56-25.mp4
563,neither,C:\Users\jaysh\TapoVideos\Computer Camera\2026-02-25\2026-02-25 20-58-02.mp4,C:\Users\jaysh\ToiletTraining\neither\2026-02-25 20-58-02.mp4
566,neither,C:\Users\jaysh\TapoVideos\Computer Camera\2026-02-25\2026-02-25 21-02-10.mp4,C:\Users\jaysh\ToiletTraining\neither\2026-02-25 21-02-10.mp4
567,neither,C:\Users\jaysh\TapoVideos\Computer Camera\2026-02-25\2026-02-25 21-03-49.mp4,C:\Users\jaysh\ToiletTraining\neither\2026-02-25 21-03-49.mp4
568,neither,C:\Users\jaysh\TapoVideos\Computer Camera\2026-02-25\2026-02-25 21-04-08.mp4,C:\Users\jaysh\ToiletTraining\neither\2026-02-25 21-04-08.mp4
569,neither,C:\Users\jaysh\TapoVideos\Computer Camera\2026-02-25\2026-02-25 21-13-02.mp4,C:\Users\jaysh\ToiletTraining\neither\2026-02-25 21-13-02.mp4
570,neither,C:\Users\jaysh\TapoVideos\Computer Camera\2026-02-25\2026-02-25 21-16-35.mp4,C:\Users\jaysh\ToiletTraining\neither\2026-02-25 21-16-35.mp4
571,neither,C:\Users\jaysh\TapoVideos\Computer Camera\2026-02-25\2026-02-25 21-17-05.mp4,C:\Users\jaysh\ToiletTraining\neither\2026-02-25 21-17-05.mp4
573,neither,C:\Users\jaysh\TapoVideos\Computer Camera\2026-02-25\2026-02-25 21-18-54.mp4,C:\Users\jaysh\ToiletTraining\neither\2026-02-25 21-18-54.mp4
575,neither,C:\Users\jaysh\TapoVideos\Computer Camera\2026-02-25\2026-02-25 21-24-24.mp4,C:\Users\jaysh\ToiletTraining\neither\2026-02-25 21-24-24.mp4
578,neither,C:\Users\jaysh\TapoVideos\Computer Camera\2026-02-25\2026-02-25 21-28-48.mp4,C:\Users\jaysh\ToiletTraining\neither\2026-02-25 21-28-48.mp4
583,neither,C:\Users\jaysh\TapoVideos\Computer Camera\2026-02-25\2026-02-25 21-39-44.mp4,C:\Users\jaysh\ToiletTraining\neither\2026-02-25 21-39-44.mp4
585,neither,C:\Users\jaysh\TapoVideos\Computer Camera\2026-02-25\2026-02-25 21-40-27.mp4,C:\Users\jaysh\ToiletTraining\neither\2026-02-25 21-40-27.mp4
586,neither,C:\Users\jaysh\TapoVideos\Computer Camera\2026-02-25\2026-02-25 21-42-18.mp4,C:\Users\jaysh\ToiletTraining\neither\2026-02-25 21-42-18.mp4
587,neither,C:\Users\jaysh\TapoVideos\Computer Camera\2026-02-25\2026-02-25 21-44-32.mp4,C:\Users\jaysh\ToiletTraining\neither\2026-02-25 21-44-32.mp4
588,neither,C:\Users\jaysh\TapoVideos\Computer Camera\2026-02-25\2026-02-25 21-45-03.mp4,C:\Users\jaysh\ToiletTraining\neither\2026-02-25 21-45-03.mp4
589,neither,C:\Users\jaysh\TapoVideos\Computer Camera\2026-02-25\2026-02-25 21-46-27.mp4,C:\Users\jaysh\ToiletTraining\neither\2026-02-25 21-46-27.mp4
590,neither,C:\Users\jaysh\TapoVideos\Computer Camera\2026-02-25\2026-02-25 21-47-54.mp4,C:\Users\jaysh\ToiletTraining\neither\2026-02-25 21-47-54.mp4
591,neither,C:\Users\jaysh\TapoVideos\Computer Camera\2026-02-25\2026-02-25 21-48-55.mp4,C:\Users\jaysh\ToiletTraining\neither\2026-02-25 21-48-55.mp4
595,neither,C:\Users\jaysh\TapoVideos\Computer Camera\2026-02-25\2026-02-25 21-52-35.mp4,C:\Users\jaysh\ToiletTraining\neither\2026-02-25 21-52-35.mp4
599,wee,C:\Users\jaysh\TapoVideos\Computer Camera\2026-02-25\2026-02-25 22-00-07.mp4,C:\Users\jaysh\ToiletTraining\wee\2026-02-25 22-00-07.mp4
601,neither,C:\Users\jaysh\TapoVideos\Computer Camera\2026-02-25\2026-02-25 22-06-36.mp4,C:\Users\jaysh\ToiletTraining\neither\2026-02-25 22-06-36.mp4
602,neither,C:\Users\jaysh\TapoVideos\Computer Camera\2026-02-25\2026-02-25 22-07-01.mp4,C:\Users\jaysh\ToiletTraining\neither\2026-02-25 22-07-01.mp4
603,neither,C:\Users\jaysh\TapoVideos\Computer Camera\2026-02-25\2026-02-25 22-07-15.mp4,C:\Users\jaysh\ToiletTraining\neither\2026-02-25 22-07-15.mp4
605,neither,C:\Users\jaysh\TapoVideos\Computer Camera\2026-02-25\2026-02-25 22-08-47.mp4,C:\Users\jaysh\ToiletTraining\neither\2026-02-25 22-08-47.mp4
607,neither,C:\Users\jaysh\TapoVideos\Computer Camera\2026-02-25\2026-02-25 22-14-28.mp4,C:\Users\jaysh\ToiletTraining\neither\2026-02-25 22-14-28.mp4
612,neither,C:\Users\jaysh\TapoVideos\Computer Camera\2026-02-26\2026-02-26 01-21-34.mp4,C:\Users\jaysh\ToiletTraining\neither\2026-02-26 01-21-34.mp4
617,neither,C:\Users\jaysh\TapoVideos\Computer Camera\2026-02-26\2026-02-26 07-57-12.mp4,C:\Users\jaysh\ToiletTraining\neither\2026-02-26 07-57-12.mp4
621,neither,C:\Users\jaysh\TapoVideos\Computer Camera\2026-02-26\2026-02-26 08-02-01.mp4,C:\Users\jaysh\ToiletTraining\neither\2026-02-26 08-02-01.mp4
622,neither,C:\Users\jaysh\TapoVideos\Computer Camera\2026-02-26\2026-02-26 08-02-19.mp4,C:\Users\jaysh\ToiletTraining\neither\2026-02-26 08-02-19.mp4
623,neither,C:\Users\jaysh\TapoVideos\Computer Camera\2026-02-26\2026-02-26 08-02-50.mp4,C:\Users\jaysh\ToiletTraining\neither\2026-02-26 08-02-50.mp4
624,neither,C:\Users\jaysh\TapoVideos\Computer Camera\2026-02-26\2026-02-26 08-16-16.mp4,C:\Users\jaysh\ToiletTraining\neither\2026-02-26 08-16-16.mp4
627,wee,C:\Users\jaysh\TapoVideos\Computer Camera\2026-02-26\2026-02-26 08-26-53.mp4,C:\Users\jaysh\ToiletTraining\wee\2026-02-26 08-26-53.mp4
630,neither,C:\Users\jaysh\TapoVideos\Computer Camera\2026-02-26\2026-02-26 09-17-17.mp4,C:\Users\jaysh\ToiletTraining\neither\2026-02-26 09-17-17.mp4
632,neither,C:\Users\jaysh\TapoVideos\Computer Camera\2026-02-26\2026-02-26 09-29-09.mp4,C:\Users\jaysh\ToiletTraining\neither\2026-02-26 09-29-09.mp4
637,wee,C:\Users\jaysh\TapoVideos\Computer Camera\2026-02-26\2026-02-26 18-19-00.mp4,C:\Users\jaysh\ToiletTraining\wee\2026-02-26 18-19-00.mp4
638,wee,C:\Users\jaysh\TapoVideos\Computer Camera\2026-02-26\2026-02-26 18-19-16.mp4,C:\Users\jaysh\ToiletTraining\wee\2026-02-26 18-19-16.mp4
647,neither,C:\Users\jaysh\TapoVideos\Computer Camera\2026-02-26\2026-02-26 18-42-19.mp4,C:\Users\jaysh\ToiletTraining\neither\2026-02-26 18-42-19.mp4
648,neither,C:\Users\jaysh\TapoVideos\Computer Camera\2026-02-26\2026-02-26 18-42-48.mp4,C:\Users\jaysh\ToiletTraining\neither\2026-02-26 18-42-48.mp4
650,neither,C:\Users\jaysh\TapoVideos\Computer Camera\2026-02-26\2026-02-26 18-43-22.mp4,C:\Users\jaysh\ToiletTraining\neither\2026-02-26 18-43-22.mp4
652,neither,C:\Users\jaysh\TapoVideos\Computer Camera\2026-02-26\2026-02-26 18-44-36.mp4,C:\Users\jaysh\ToiletTraining\neither\2026-02-26 18-44-36.mp4
653,neither,C:\Users\jaysh\TapoVideos\Computer Camera\2026-02-26\2026-02-26 18-46-32.mp4,C:\Users\jaysh\ToiletTraining\neither\2026-02-26 18-46-32.mp4
654,neither,C:\Users\jaysh\TapoVideos\Computer Camera\2026-02-26\2026-02-26 18-48-20.mp4,C:\Users\jaysh\ToiletTraining\neither\2026-02-26 18-48-20.mp4
655,neither,C:\Users\jaysh\TapoVideos\Computer Camera\2026-02-26\2026-02-26 18-49-57.mp4,C:\Users\jaysh\ToiletTraining\neither\2026-02-26 18-49-57.mp4
656,neither,C:\Users\jaysh\TapoVideos\Computer Camera\2026-02-26\2026-02-26 18-50-16.mp4,C:\Users\jaysh\ToiletTraining\neither\2026-02-26 18-50-16.mp4
658,neither,C:\Users\jaysh\TapoVideos\Computer Camera\2026-02-26\2026-02-26 18-53-27.mp4,C:\Users\jaysh\ToiletTraining\neither\2026-02-26 18-53-27.mp4
659,neither,C:\Users\jaysh\TapoVideos\Computer Camera\2026-02-26\2026-02-26 19-06-02.mp4,C:\Users\jaysh\ToiletTraining\neither\2026-02-26 19-06-02.mp4
660,wee,C:\Users\jaysh\TapoVideos\Computer Camera\2026-02-26\2026-02-26 19-06-44.mp4,C:\Users\jaysh\ToiletTraining\wee\2026-02-26 19-06-44.mp4
664,neither,C:\Users\jaysh\TapoVideos\Computer Camera\2026-02-26\2026-02-26 19-20-16.mp4,C:\Users\jaysh\ToiletTraining\neither\2026-02-26 19-20-16.mp4
665,neither,C:\Users\jaysh\TapoVideos\Computer Camera\2026-02-26\2026-02-26 19-22-21.mp4,C:\Users\jaysh\ToiletTraining\neither\2026-02-26 19-22-21.mp4
667,neither,C:\Users\jaysh\TapoVideos\Computer Camera\2026-02-26\2026-02-26 19-24-03.mp4,C:\Users\jaysh\ToiletTraining\neither\2026-02-26 19-24-03.mp4
669,neither,C:\Users\jaysh\TapoVideos\Computer Camera\2026-02-26\2026-02-26 19-31-10.mp4,C:\Users\jaysh\ToiletTraining\neither\2026-02-26 19-31-10.mp4
670,neither,C:\Users\jaysh\TapoVideos\Computer Camera\2026-02-26\2026-02-26 19-35-06.mp4,C:\Users\jaysh\ToiletTraining\neither\2026-02-26 19-35-06.mp4
672,neither,C:\Users\jaysh\TapoVideos\Computer Camera\2026-02-26\2026-02-26 19-36-13.mp4,C:\Users\jaysh\ToiletTraining\neither\2026-02-26 19-36-13.mp4
674,neither,C:\Users\jaysh\TapoVideos\Computer Camera\2026-02-26\2026-02-26 19-40-03.mp4,C:\Users\jaysh\ToiletTraining\neither\2026-02-26 19-40-03.mp4
687,neither,C:\Users\jaysh\TapoVideos\Computer Camera\2026-02-26\2026-02-26 20-49-18.mp4,C:\Users\jaysh\ToiletTraining\neither\2026-02-26 20-49-18.mp4
688,neither,C:\Users\jaysh\TapoVideos\Computer Camera\2026-02-26\2026-02-26 20-51-18.mp4,C:\Users\jaysh\ToiletTraining\neither\2026-02-26 20-51-18.mp4
689,neither,C:\Users\jaysh\TapoVideos\Computer Camera\2026-02-26\2026-02-26 20-52-25.mp4,C:\Users\jaysh\ToiletTraining\neither\2026-02-26 20-52-25.mp4
691,neither,C:\Users\jaysh\TapoVideos\Computer Camera\2026-02-26\2026-02-26 20-54-16.mp4,C:\Users\jaysh\ToiletTraining\neither\2026-02-26 20-54-16.mp4
692,neither,C:\Users\jaysh\TapoVideos\Computer Camera\2026-02-26\2026-02-26 20-55-30.mp4,C:\Users\jaysh\ToiletTraining\neither\2026-02-26 20-55-30.mp4
694,neither,C:\Users\jaysh\TapoVideos\Computer Camera\2026-02-26\2026-02-26 20-57-16.mp4,C:\Users\jaysh\ToiletTraining\neither\2026-02-26 20-57-16.mp4
695,neither,C:\Users\jaysh\TapoVideos\Computer Camera\2026-02-26\2026-02-26 20-57-40.mp4,C:\Users\jaysh\ToiletTraining\neither\2026-02-26 20-57-40.mp4
696,neither,C:\Users\jaysh\TapoVideos\Computer Camera\2026-02-26\2026-02-26 20-58-18.mp4,C:\Users\jaysh\ToiletTraining\neither\2026-02-26 20-58-18.mp4
697,neither,C:\Users\jaysh\TapoVideos\Computer Camera\2026-02-26\2026-02-26 20-58-43.mp4,C:\Users\jaysh\ToiletTraining\neither\2026-02-26 20-58-43.mp4
698,neither,C:\Users\jaysh\TapoVideos\Computer Camera\2026-02-26\2026-02-26 20-59-13.mp4,C:\Users\jaysh\ToiletTraining\neither\2026-02-26 20-59-13.mp4
704,neither,C:\Users\jaysh\TapoVideos\Computer Camera\2026-02-26\2026-02-26 21-08-25.mp4,C:\Users\jaysh\ToiletTraining\neither\2026-02-26 21-08-25.mp4
706,neither,C:\Users\jaysh\TapoVideos\Computer Camera\2026-02-26\2026-02-26 21-09-18.mp4,C:\Users\jaysh\ToiletTraining\neither\2026-02-26 21-09-18.mp4
713,neither,C:\Users\jaysh\TapoVideos\Computer Camera\2026-02-26\2026-02-26 23-02-44.mp4,C:\Users\jaysh\ToiletTraining\neither\2026-02-26 23-02-44.mp4
714,neither,C:\Users\jaysh\TapoVideos\Computer Camera\2026-02-26\2026-02-26 23-03-58.mp4,C:\Users\jaysh\ToiletTraining\neither\2026-02-26 23-03-58.mp4
715,neither,C:\Users\jaysh\TapoVideos\Computer Camera\2026-02-26\2026-02-26 23-06-30.mp4,C:\Users\jaysh\ToiletTraining\neither\2026-02-26 23-06-30.mp4
716,neither,C:\Users\jaysh\TapoVideos\Computer Camera\2026-02-26\2026-02-26 23-07-01.mp4,C:\Users\jaysh\ToiletTraining\neither\2026-02-26 23-07-01.mp4
717,neither,C:\Users\jaysh\TapoVideos\Computer Camera\2026-02-26\2026-02-26 23-07-23.mp4,C:\Users\jaysh\ToiletTraining\neither\2026-02-26 23-07-23.mp4
718,neither,C:\Users\jaysh\TapoVideos\Computer Camera\2026-02-26\2026-02-26 23-08-04.mp4,C:\Users\jaysh\ToiletTraining\neither\2026-02-26 23-08-04.mp4
719,neither,C:\Users\jaysh\TapoVideos\Computer Camera\2026-02-26\2026-02-26 23-08-41.mp4,C:\Users\jaysh\ToiletTraining\neither\2026-02-26 23-08-41.mp4
720,neither,C:\Users\jaysh\TapoVideos\Computer Camera\2026-02-26\2026-02-26 23-10-09.mp4,C:\Users\jaysh\ToiletTraining\neither\2026-02-26 23-10-09.mp4
721,neither,C:\Users\jaysh\TapoVideos\Computer Camera\2026-02-26\2026-02-26 23-10-30.mp4,C:\Users\jaysh\ToiletTraining\neither\2026-02-26 23-10-30.mp4
722,neither,C:\Users\jaysh\TapoVideos\Computer Camera\2026-02-26\2026-02-26 23-10-51.mp4,C:\Users\jaysh\ToiletTraining\neither\2026-02-26 23-10-51.mp4
723,neither,C:\Users\jaysh\TapoVideos\Computer Camera\2026-02-26\2026-02-26 23-11-13.mp4,C:\Users\jaysh\ToiletTraining\neither\2026-02-26 23-11-13.mp4
724,neither,C:\Users\jaysh\TapoVideos\Computer Camera\2026-02-26\2026-02-26 23-11-35.mp4,C:\Users\jaysh\ToiletTraining\neither\2026-02-26 23-11-35.mp4
726,wee,C:\Users\jaysh\TapoVideos\Computer Camera\2026-02-27\2026-02-27 09-36-50.mp4,C:\Users\jaysh\ToiletTraining\wee\2026-02-27 09-36-50.mp4
727,wee,C:\Users\jaysh\TapoVideos\Computer Camera\2026-02-27\2026-02-27 09-37-08.mp4,C:\Users\jaysh\ToiletTraining\wee\2026-02-27 09-37-08.mp4
728,neither,C:\Users\jaysh\TapoVideos\Computer Camera\2026-02-27\2026-02-27 11-42-11.mp4,C:\Users\jaysh\ToiletTraining\neither\2026-02-27 11-42-11.mp4
729,neither,C:\Users\jaysh\TapoVideos\Computer Camera\2026-02-27\2026-02-27 11-42-38.mp4,C:\Users\jaysh\ToiletTraining\neither\2026-02-27 11-42-38.mp4
730,neither,C:\Users\jaysh\TapoVideos\Computer Camera\2026-02-27\2026-02-27 11-42-55.mp4,C:\Users\jaysh\ToiletTraining\neither\2026-02-27 11-42-55.mp4
731,neither,C:\Users\jaysh\TapoVideos\Computer Camera\2026-02-27\2026-02-27 11-44-20.mp4,C:\Users\jaysh\ToiletTraining\neither\2026-02-27 11-44-20.mp4
732,neither,C:\Users\jaysh\TapoVideos\Computer Camera\2026-02-27\2026-02-27 11-51-31.mp4,C:\Users\jaysh\ToiletTraining\neither\2026-02-27 11-51-31.mp4
733,neither,C:\Users\jaysh\TapoVideos\Computer Camera\2026-02-27\2026-02-27 11-57-36.mp4,C:\Users\jaysh\ToiletTraining\neither\2026-02-27 11-57-36.mp4
734,wee,C:\Users\jaysh\TapoVideos\Computer Camera\2026-02-27\2026-02-27 12-19-26.mp4,C:\Users\jaysh\ToiletTraining\wee\2026-02-27 12-19-26.mp4
735,neither,C:\Users\jaysh\TapoVideos\Computer Camera\2026-02-27\2026-02-27 12-31-38.mp4,C:\Users\jaysh\ToiletTraining\neither\2026-02-27 12-31-38.mp4
736,neither,C:\Users\jaysh\TapoVideos\Computer Camera\2026-02-27\2026-02-27 12-32-30.mp4,C:\Users\jaysh\ToiletTraining\neither\2026-02-27 12-32-30.mp4
737,neither,C:\Users\jaysh\TapoVideos\Computer Camera\2026-02-27\2026-02-27 12-46-14.mp4,C:\Users\jaysh\ToiletTraining\neither\2026-02-27 12-46-14.mp4
738,neither,C:\Users\jaysh\TapoVideos\Computer Camera\2026-02-27\2026-02-27 12-46-46.mp4,C:\Users\jaysh\ToiletTraining\neither\2026-02-27 12-46-46.mp4
739,neither,C:\Users\jaysh\TapoVideos\Computer Camera\2026-02-27\2026-02-27 13-01-43.mp4,C:\Users\jaysh\ToiletTraining\neither\2026-02-27 13-01-43.mp4
740,neither,C:\Users\jaysh\TapoVideos\Computer Camera\2026-02-27\2026-02-27 13-02-24.mp4,C:\Users\jaysh\ToiletTraining\neither\2026-02-27 13-02-24.mp4
741,neither,C:\Users\jaysh\TapoVideos\Computer Camera\2026-02-27\2026-02-27 13-03-45.mp4,C:\Users\jaysh\ToiletTraining\neither\2026-02-27 13-03-45.mp4
742,neither,C:\Users\jaysh\TapoVideos\Computer Camera\2026-02-27\2026-02-27 13-06-31.mp4,C:\Users\jaysh\ToiletTraining\neither\2026-02-27 13-06-31.mp4
743,neither,C:\Users\jaysh\TapoVideos\Computer Camera\2026-02-27\2026-02-27 13-07-22.mp4,C:\Users\jaysh\ToiletTraining\neither\2026-02-27 13-07-22.mp4
744,neither,C:\Users\jaysh\TapoVideos\Computer Camera\2026-02-27\2026-02-27 13-07-39.mp4,C:\Users\jaysh\ToiletTraining\neither\2026-02-27 13-07-39.mp4
745,wee,C:\Users\jaysh\TapoVideos\Computer Camera\2026-02-27\2026-02-27 13-08-04.mp4,C:\Users\jaysh\ToiletTraining\wee\2026-02-27 13-08-04.mp4
746,neither,C:\Users\jaysh\TapoVideos\Computer Camera\2026-02-27\2026-02-27 13-08-53.mp4,C:\Users\jaysh\ToiletTraining\neither\2026-02-27 13-08-53.mp4
747,neither,C:\Users\jaysh\TapoVideos\Computer Camera\2026-02-27\2026-02-27 13-09-43.mp4,C:\Users\jaysh\ToiletTraining\neither\2026-02-27 13-09-43.mp4
748,neither,C:\Users\jaysh\TapoVideos\Computer Camera\2026-02-27\2026-02-27 13-11-17.mp4,C:\Users\jaysh\ToiletTraining\neither\2026-02-27 13-11-17.mp4
749,neither,C:\Users\jaysh\TapoVideos\Computer Camera\2026-02-27\2026-02-27 13-16-21.mp4,C:\Users\jaysh\ToiletTraining\neither\2026-02-27 13-16-21.mp4
750,neither,C:\Users\jaysh\TapoVideos\Computer Camera\2026-02-27\2026-02-27 13-17-23.mp4,C:\Users\jaysh\ToiletTraining\neither\2026-02-27 13-17-23.mp4
751,neither,C:\Users\jaysh\TapoVideos\Computer Camera\2026-02-27\2026-02-27 13-23-50.mp4,C:\Users\jaysh\ToiletTraining\neither\2026-02-27 13-23-50.mp4
752,neither,C:\Users\jaysh\TapoVideos\Computer Camera\2026-02-27\2026-02-27 13-24-26.mp4,C:\Users\jaysh\ToiletTraining\neither\2026-02-27 13-24-26.mp4
753,neither,C:\Users\jaysh\TapoVideos\Computer Camera\2026-02-27\2026-02-27 13-24-57.mp4,C:\Users\jaysh\ToiletTraining\neither\2026-02-27 13-24-57.mp4
754,neither,C:\Users\jaysh\TapoVideos\Computer Camera\2026-02-27\2026-02-27 13-25-49.mp4,C:\Users\jaysh\ToiletTraining\neither\2026-02-27 13-25-49.mp4
755,neither,C:\Users\jaysh\TapoVideos\Computer Camera\2026-02-27\2026-02-27 18-09-14.mp4,C:\Users\jaysh\ToiletTraining\neither\2026-02-27 18-09-14.mp4
756,neither,C:\Users\jaysh\TapoVideos\Computer Camera\2026-02-27\2026-02-27 19-38-35.mp4,C:\Users\jaysh\ToiletTraining\neither\2026-02-27 19-38-35.mp4
757,neither,C:\Users\jaysh\TapoVideos\Computer Camera\2026-02-27\2026-02-27 19-39-21.mp4,C:\Users\jaysh\ToiletTraining\neither\2026-02-27 19-39-21.mp4
758,neither,C:\Users\jaysh\TapoVideos\Computer Camera\2026-02-27\2026-02-27 19-40-03.mp4,C:\Users\jaysh\ToiletTraining\neither\2026-02-27 19-40-03.mp4
759,wee,C:\Users\jaysh\TapoVideos\Computer Camera\2026-02-27\2026-02-27 19-40-17.mp4,C:\Users\jaysh\ToiletTraining\wee\2026-02-27 19-40-17.mp4
760,neither,C:\Users\jaysh\TapoVideos\Computer Camera\2026-02-27\2026-02-27 19-40-55.mp4,C:\Users\jaysh\ToiletTraining\neither\2026-02-27 19-40-55.mp4
